Channel Title,Channel Username,ID,Message,Date,Media Path
Zemen Express®,@ZemenExpress,6994,,2025-06-21 16:35:51+00:00,photos\@ZemenExpress_6994.jpg
Zemen Express®,@ZemenExpress,6993,,2025-06-21 16:35:51+00:00,photos\@ZemenExpress_6993.jpg
Zemen Express®,@ZemenExpress,6992,,2025-06-21 16:35:51+00:00,photos\@ZemenExpress_6992.jpg
Zemen Express®,@ZemenExpress,6991,"💥💥...................................💥💥

📌Saachi Electric Kettle

👍Borosilicate Glass Body
👍Overheat protection
👍Automatic switch off
👍2200w

ዋጋ፦  💲🏷 2700  ብር ✅

♦️ውስን ፍሬ ነው ያለው🔥🔥🔥

🏢 አድራሻ👉

📍♦️#መገናኛ_መሰረት_ደፋር_ሞል_ሁለተኛ_ፎቅ ቢሮ ቁ. S05/S06


     💧💧💧💧


    📲 0902660722
    📲 0928460606 

🔖
💬በTelegram ለማዘዝ ⤵️ ይጠቀሙ🔽

@zemencallcenter 

@zemenexpressadmin

ለተጨማሪ ማብራሪያ የቴሌግራም ገፃችን⤵️
https://telegram.me/zemenexpress

💥💥...................................💥💥",2025-06-21 16:35:51+00:00,photos\@ZemenExpress_6991.jpg
Zemen Express®,@ZemenExpress,6990,,2025-06-21 08:07:31+00:00,photos\@ZemenExpress_6990.jpg
Zemen Express®,@ZemenExpress,6989,,2025-06-21 08:07:31+00:00,photos\@ZemenExpress_6989.jpg
Zemen Express®,@ZemenExpress,6988,,2025-06-21 08:07:31+00:00,photos\@ZemenExpress_6988.jpg
Zemen Express®,@ZemenExpress,6987,"💥💥...................................💥💥

3pcs Bottle Stopper 

👍በማንኛውም ጠርሙስ ጫፍ የሚገጠም 
👍ለዘይት እና መሰል ነገሮች መቀነሻ የሚሆን
👍በአግባቡ እየመጠንን ለመጠቀም ተመራጭ

ዋጋ፦  💲🏷  3ፍሬ➡️ 400 ብር

♦️ውስን ፍሬ ነው ያለው 🔥🔥🔥

🏢 አድራሻ👉

📍♦️#መገናኛ_መሰረት_ደፋር_ሞል_ሁለተኛ_ፎቅ ቢሮ ቁ. S05/S06


     💧💧💧💧


    📲 0902660722
    📲 0928460606 

🔖
💬በTelegram ለማዘዝ ⤵️ ይጠቀሙ🔽

@zemencallcenter 

@zemenexpressadmin

ለተጨማሪ ማብራሪያ የቴሌግራም ገፃችን⤵️
https://telegram.me/zemenexpress

💥💥...................................💥💥",2025-06-21 08:07:31+00:00,photos\@ZemenExpress_6987.jpg
Zemen Express®,@ZemenExpress,6986,"💥💥...................................💥💥

3pcs Bottle Stopper 

👍በማንኛውም ጠርሙስ ጫፍ የሚገጠም 
👍ለዘይት እና መሰል ነገሮች መቀነሻ የሚሆን
👍በአግባቡ እየመጠንን ለመጠቀም ተመራጭ

ዋጋ፦  💲🏷  3ፍሬ➡️ 400 ብር

♦️ውስን ፍሬ ነው ያለው 🔥🔥🔥

🏢 አድራሻ👉

📍♦️#መገናኛ_መሰረት_ደፋር_ሞል_ሁለተኛ_ፎቅ ቢሮ ቁ. S05/S06


     💧💧💧💧


    📲 0902660722
    📲 0928460606 

🔖
💬በTelegram ለማዘዝ ⤵️ ይጠቀሙ🔽

@zemencallcenter 

@zemenexpressadmin

ለተጨማሪ ማብራሪያ የቴሌግራም ገፃችን⤵️
https://telegram.me/zemenexpress

💥💥...................................💥💥",2025-06-21 08:07:11+00:00,
Zemen Express®,@ZemenExpress,6985,"💥💥...................................💥💥

📌1 pairs Sneaker Crease Protector

ዋጋ፦  💵🏷 400 ብር

♦️ውስን ፍሬ ነው ያለው🔥🔥🔥

🏢 አድራሻ👉

📍♦️#መገናኛ_መሰረት_ደፋር_ሞል_ሁለተኛ_ፎቅ ቢሮ ቁ. S05/S06


     💧💧💧💧


    📲 0902660722
    📲 0928460606 

🔖
💬በTelegram ለማዘዝ ⤵️ ይጠቀሙ🔽

@zemencallcenter 

@zemenexpressadmin

ለተጨማሪ ማብራሪያ የቴሌግራም ገፃችን⤵️
https://telegram.me/zemenexpress

💥💥...................................💥💥",2025-06-21 05:42:46+00:00,photos\@ZemenExpress_6985.jpg
Zemen Express®,@ZemenExpress,6984,,2025-06-21 05:42:19+00:00,photos\@ZemenExpress_6984.jpg
Zemen Express®,@ZemenExpress,6983,"💥💥...................................💥💥

📌1 pairs Sneaker Crease Protector

ዋጋ፦  💵🏷 400 ብር

♦️ውስን ፍሬ ነው ያለው🔥🔥🔥

🏢 አድራሻ👉

📍♦️#መገናኛ_መሰረት_ደፋር_ሞል_ሁለተኛ_ፎቅ ቢሮ ቁ. S05/S06


     💧💧💧💧


    📲 0902660722
    📲 0928460606 

🔖
💬በTelegram ለማዘዝ ⤵️ ይጠቀሙ🔽

@zemencallcenter 

@zemenexpressadmin

ለተጨማሪ ማብራሪያ የቴሌግራም ገፃችን⤵️
https://telegram.me/zemenexpress

💥💥...................................💥💥",2025-06-21 05:42:19+00:00,photos\@ZemenExpress_6983.jpg
Zemen Express®,@ZemenExpress,6982,"💥💥...................................💥💥

📌Imitation Volcano Humidifier with LED Light

👍በኤሌክትሪክ:የሚሰራ ለቤት መልካም መዓዛን የሚሰጥ

ዋጋ፦  💲🏷  1400 ብር

📍ውስን ፍሬ ነው ያለን🔥🔥🔥

🏢 አድራሻ👉

📍♦️#መገናኛ_መሰረት_ደፋር_ሞል_ሁለተኛ_ፎቅ ቢሮ ቁ. S05/S06


     💧💧💧💧


    📲 0902660722
    📲 0928460606 

🔖
💬በTelegram ለማዘዝ ⤵️ ይጠቀሙ🔽

@zemencallcenter 

@zemenexpressadmin

ለተጨማሪ ማብራሪያ የቴሌግራም ገፃችን⤵️
https://telegram.me/zemenexpress

💥💥...................................💥💥",2025-06-18 06:01:10+00:00,
Zemen Express®,@ZemenExpress,6981,"💥💥...................................💥💥

📌 Baby Carrier

👍በፈለጉት አቅጣጫ ልጅዎን  በምቾት ማዘል ያስችልዎታል

ዋጋ፦  💲🏷  2400 ብር

📍ውስን ፍሬ ነው ያለን🔥🔥🔥

🏢 አድራሻ👉

📍♦️#መገናኛ_መሰረት_ደፋር_ሞል_ሁለተኛ_ፎቅ ቢሮ ቁ. S05/S06


     💧💧💧💧


    📲 0902660722
    📲 0928460606 

🔖
💬በTelegram ለማዘዝ ⤵️ ይጠቀሙ🔽

@zemencallcenter 

@zemenexpressadmin

ለተጨማሪ ማብራሪያ የቴሌግራም ገፃችን⤵️
https://telegram.me/zemenexpress

💥💥...................................💥💥",2025-06-16 12:21:00+00:00,
Zemen Express®,@ZemenExpress,6980,,2025-06-16 05:11:57+00:00,photos\@ZemenExpress_6980.jpg
Zemen Express®,@ZemenExpress,6979,,2025-06-16 05:11:57+00:00,photos\@ZemenExpress_6979.jpg
Zemen Express®,@ZemenExpress,6978,,2025-06-16 05:11:57+00:00,photos\@ZemenExpress_6978.jpg
Zemen Express®,@ZemenExpress,6977,,2025-06-16 05:11:57+00:00,photos\@ZemenExpress_6977.jpg
Zemen Express®,@ZemenExpress,6976,,2025-06-16 05:11:57+00:00,photos\@ZemenExpress_6976.jpg
Zemen Express®,@ZemenExpress,6975,,2025-06-16 05:11:57+00:00,photos\@ZemenExpress_6975.jpg
Zemen Express®,@ZemenExpress,6974,,2025-06-16 05:11:57+00:00,photos\@ZemenExpress_6974.jpg
Zemen Express®,@ZemenExpress,6973,"💥💥...................................💥💥

📌Smart Usb Ultrasonic Car And Home  Air Humidifier With Colorful Led Light

              💯Original
              💯High-quality 

በኤሌክትሪክ የሚሰራ 
👍ለቤትና ለመኪና መልካም መዓዛን የሚሰጥ

👍Elevate the comfort level within your living premises with this fantastic Green Lion Air Mist Humidifier.

ዋጋ፦  💲🏷  1100 ብር

📍ውስን ፍሬ ነው ያለን🔥🔥🔥

🏢 አድራሻ👉

📍♦️#መገናኛ_መሰረት_ደፋር_ሞል_ሁለተኛ_ፎቅ ቢሮ ቁ. S05/S06


     💧💧💧💧


    📲 0902660722
    📲 0928460606 

🔖
💬በTelegram ለማዘዝ ⤵️ ይጠቀሙ🔽

@zemencallcenter 

@zemenexpressadmin

ለተጨማሪ ማብራሪያ የቴሌግራም ገፃችን⤵️
https://telegram.me/zemenexpress

💥💥...................................💥💥",2025-06-16 05:11:57+00:00,photos\@ZemenExpress_6973.jpg
Zemen Express®,@ZemenExpress,6972,"💥💥...................................💥💥

📌Smart Usb Ultrasonic Car And Home  Air Humidifier With Colorful Led Light

              💯Original
              💯High-quality 

በኤሌክትሪክ የሚሰራ 
👍ለቤትና ለመኪና መልካም መዓዛን የሚሰጥ

👍Elevate the comfort level within your living premises with this fantastic Green Lion Air Mist Humidifier.

ዋጋ፦  💲🏷  1100 ብር

📍ውስን ፍሬ ነው ያለን🔥🔥🔥

🏢 አድራሻ👉

📍♦️#መገናኛ_መሰረት_ደፋር_ሞል_ሁለተኛ_ፎቅ ቢሮ ቁ. S05/S06


     💧💧💧💧


    📲 0902660722
    📲 0928460606 

🔖
💬በTelegram ለማዘዝ ⤵️ ይጠቀሙ🔽

@zemencallcenter 

@zemenexpressadmin

ለተጨማሪ ማብራሪያ የቴሌግራም ገፃችን⤵️
https://telegram.me/zemenexpress

💥💥...................................💥💥",2025-06-16 05:11:26+00:00,
Zemen Express®,@ZemenExpress,6971,,2025-06-16 05:09:03+00:00,photos\@ZemenExpress_6971.jpg
Zemen Express®,@ZemenExpress,6970,"💥💥...................................💥💥

📌Baby Head Helmet Cotton Walk Safety Hat Breathable Headgear Toddler Antifall Pad

👍This product is made of non-toxic cotton material. 
👍It can be adjustable to fits all the different size of head. 
👍The product is also breathable and the baby's head will not be sultry and muggy when playing.

ዋጋ፦  💲🏷  550 ብር

📍ውስን ፍሬ ነው ያለን🔥🔥🔥

🏢 አድራሻ👉

📍♦️#መገናኛ_መሰረት_ደፋር_ሞል_ሁለተኛ_ፎቅ ቢሮ ቁ. S05/S06


     💧💧💧💧


    📲 0902660722
    📲 0928460606 

🔖
💬በTelegram ለማዘዝ ⤵️ ይጠቀሙ🔽

@zemencallcenter 

@zemenexpressadmin

ለተጨማሪ ማብራሪያ የቴሌግራም ገፃችን⤵️
https://telegram.me/zemenexpress

💥💥...................................💥💥",2025-06-16 05:09:03+00:00,photos\@ZemenExpress_6970.jpg
Zemen Express®,@ZemenExpress,6969,"💥💥...................................💥💥

📌Baby Head Helmet Cotton Walk Safety Hat Breathable Headgear Toddler Antifall Pad

👍This product is made of non-toxic cotton material. 
👍It can be adjustable to fits all the different size of head. 
👍The product is also breathable and the baby's head will not be sultry and muggy when playing.

ዋጋ፦  💲🏷  550 ብር

📍ውስን ፍሬ ነው ያለን🔥🔥🔥

🏢 አድራሻ👉

📍♦️#መገናኛ_መሰረት_ደፋር_ሞል_ሁለተኛ_ፎቅ ቢሮ ቁ. S05/S06


     💧💧💧💧


    📲 0902660722
    📲 0928460606 

🔖
💬በTelegram ለማዘዝ ⤵️ ይጠቀሙ🔽

@zemencallcenter 

@zemenexpressadmin

ለተጨማሪ ማብራሪያ የቴሌግራም ገፃችን⤵️
https://telegram.me/zemenexpress

💥💥...................................💥💥",2025-06-15 09:30:52+00:00,
Zemen Express®,@ZemenExpress,6968,"💥💥...............🌞.................💥💥

❓ በረፍት ቀንዎ ሱቅ ላይ መስተናገድ ለምትፈልጉ ውድ ደንበኞቻችን
  

🌐ነገ ከጠዋቱ 4:30 _ ቀኑ 11:00 ድረስ🌐
          ሱቃችን ክፍት ሁኖ ይጠብቅዎታል


🟢 🚛 ሱቅ መተው መግዛት ላልቻላችሁ በሞተረኞች ያሉበት እናደርሳለን 

⚠️ ዘወትር ሰኞ _ቅዳሜ ከጠዋቱ 2:30 እስከ ምሽቱ 2:00 ድረስ ክፍት መሆኑን እንገልፃለን

🏢 አድራሻ👉

📍♦️#መገናኛ_መሰረት_ደፋር_ሞል_ሁለተኛ_ፎቅ ቢሮ ቁ. S05/S06


     💧💧💧💧


    📲 0902660722
    📲 0928460606 

🔖
💬በTelegram ለማዘዝ ⤵️ ይጠቀሙ🔽

@zemencallcenter 

@zemenexpressadmin

ለተጨማሪ ማብራሪያ የቴሌግራም ገፃችን⤵️
https://telegram.me/zemenexpress

💥💥...................................💥💥",2025-06-14 14:40:03+00:00,photos\@ZemenExpress_6968.jpg
Zemen Express®,@ZemenExpress,6967,,2025-06-14 13:42:04+00:00,photos\@ZemenExpress_6967.jpg
Zemen Express®,@ZemenExpress,6966,,2025-06-14 13:42:04+00:00,photos\@ZemenExpress_6966.jpg
Zemen Express®,@ZemenExpress,6965,,2025-06-14 13:42:04+00:00,photos\@ZemenExpress_6965.jpg
Zemen Express®,@ZemenExpress,6964,"💥💥...................................💥💥

📌 Baby knee socks

👍ልጅዎ መዳህ በሚጀምሩበት ጊዜ ተመራጭ

ዋጋ፦  💲🏷  250 ብር

📍ውስን ፍሬ ነው ያለን🔥🔥🔥

🏢 አድራሻ👉

📍♦️#መገናኛ_መሰረት_ደፋር_ሞል_ሁለተኛ_ፎቅ ቢሮ ቁ. S05/S06


     💧💧💧💧


    📲 0902660722
    📲 0928460606 

🔖
💬በTelegram ለማዘዝ ⤵️ ይጠቀሙ🔽

@zemencallcenter 

@zemenexpressadmin

ለተጨማሪ ማብራሪያ የቴሌግራም ገፃችን⤵️
https://telegram.me/zemenexpress

💥💥...................................💥💥",2025-06-14 13:42:04+00:00,photos\@ZemenExpress_6964.jpg
Zemen Express®,@ZemenExpress,6963,"💥💥...................................💥💥

📌 Baby knee socks

👍ልጅዎ መዳህ በሚጀምሩበት ጊዜ ተመራጭ

ዋጋ፦  💲🏷  250 ብር

📍ውስን ፍሬ ነው ያለን🔥🔥🔥

🏢 አድራሻ👉

📍♦️#መገናኛ_መሰረት_ደፋር_ሞል_ሁለተኛ_ፎቅ ቢሮ ቁ. S05/S06


     💧💧💧💧


    📲 0902660722
    📲 0928460606 

🔖
💬በTelegram ለማዘዝ ⤵️ ይጠቀሙ🔽

@zemencallcenter 

@zemenexpressadmin

ለተጨማሪ ማብራሪያ የቴሌግራም ገፃችን⤵️
https://telegram.me/zemenexpress

💥💥...................................💥💥",2025-06-14 13:41:47+00:00,
Zemen Express®,@ZemenExpress,6962,,2025-06-14 07:39:01+00:00,photos\@ZemenExpress_6962.jpg
Zemen Express®,@ZemenExpress,6961,,2025-06-14 07:39:01+00:00,photos\@ZemenExpress_6961.jpg
Zemen Express®,@ZemenExpress,6960,,2025-06-14 07:39:01+00:00,photos\@ZemenExpress_6960.jpg
Zemen Express®,@ZemenExpress,6959,"💥💥...................................💥💥

📌5-in-1 Trouser Hanger የሱሪ ማስቀመጫ

ዋጋ፦  💲🏷  650 ብር

📍ውስን ፍሬ ነው ያለን🔥🔥🔥

🏢 አድራሻ👉

📍♦️#መገናኛ_መሰረት_ደፋር_ሞል_ሁለተኛ_ፎቅ ቢሮ ቁ. S05/S06


     💧💧💧💧


    📲 0902660722
    📲 0928460606 

🔖
💬በTelegram ለማዘዝ ⤵️ ይጠቀሙ🔽

@zemencallcenter 

@zemenexpressadmin

ለተጨማሪ ማብራሪያ የቴሌግራም ገፃችን⤵️
https://telegram.me/zemenexpress

💥💥...................................💥💥",2025-06-14 07:39:01+00:00,photos\@ZemenExpress_6959.jpg
Zemen Express®,@ZemenExpress,6953,,2025-06-13 11:54:51+00:00,photos\@ZemenExpress_6953.jpg
Zemen Express®,@ZemenExpress,6952,,2025-06-13 11:54:51+00:00,photos\@ZemenExpress_6952.jpg
Zemen Express®,@ZemenExpress,6951,,2025-06-13 11:54:51+00:00,photos\@ZemenExpress_6951.jpg
Zemen Express®,@ZemenExpress,6950,"💥💥...................................💥💥

📌WaterProof  Shower Cap 

👍 reusable

ዋጋ፦  💵🏷  200 ብር

♦️ውስን ፍሬ ነው ያለው 🔥🔥🔥

🏢 አድራሻ👉

📍♦️#መገናኛ_መሰረት_ደፋር_ሞል_ሁለተኛ_ፎቅ ቢሮ ቁ. S05/S06


     💧💧💧💧


    📲 0902660722
    📲 0928460606 

🔖
💬በTelegram ለማዘዝ ⤵️ ይጠቀሙ🔽

@zemencallcenter 

@zemenexpressadmin

ለተጨማሪ ማብራሪያ የቴሌግራም ገፃችን⤵️
https://telegram.me/zemenexpress

💥💥...................................💥💥",2025-06-13 11:54:51+00:00,photos\@ZemenExpress_6950.jpg
Zemen Express®,@ZemenExpress,6949,,2025-06-13 08:42:43+00:00,photos\@ZemenExpress_6949.jpg
Zemen Express®,@ZemenExpress,6948,,2025-06-13 08:42:43+00:00,photos\@ZemenExpress_6948.jpg
Zemen Express®,@ZemenExpress,6947,"💥💥...................................💥💥

📌 Shock and Noise Cancelling Washing Machine Support

👍Washer and Dryer Pedestals,Anti Slip Anti Vibration Rubber Washing Machine Feet Pads
👍Washing Machine Stabilizer for Raise Height 
👍Reduce Noise 4PCS

ዋጋ፦  💲🏷  500 ብር

📍ውስን ፍሬ ነው ያለን🔥🔥🔥

🏢 አድራሻ👉

📍♦️#መገናኛ_መሰረት_ደፋር_ሞል_ሁለተኛ_ፎቅ ቢሮ ቁ. S05/S06


     💧💧💧💧


    📲 0902660722
    📲 0928460606 

🔖
💬በTelegram ለማዘዝ ⤵️ ይጠቀሙ🔽

@zemencallcenter 

@zemenexpressadmin

ለተጨማሪ ማብራሪያ የቴሌግራም ገፃችን⤵️
https://telegram.me/zemenexpress

💥💥...................................💥💥",2025-06-13 08:42:42+00:00,photos\@ZemenExpress_6947.jpg
Zemen Express®,@ZemenExpress,6946,"💥💥...................................💥💥

📌 Shock and Noise Cancelling Washing Machine Support

👍Washer and Dryer Pedestals,Anti Slip Anti Vibration Rubber Washing Machine Feet Pads
👍Washing Machine Stabilizer for Raise Height 
👍Reduce Noise 4PCS

ዋጋ፦  💲🏷  500 ብር

📍ውስን ፍሬ ነው ያለን🔥🔥🔥

🏢 አድራሻ👉

📍♦️#መገናኛ_መሰረት_ደፋር_ሞል_ሁለተኛ_ፎቅ ቢሮ ቁ. S05/S06


     💧💧💧💧


    📲 0902660722
    📲 0928460606 

🔖
💬በTelegram ለማዘዝ ⤵️ ይጠቀሙ🔽

@zemencallcenter 

@zemenexpressadmin

ለተጨማሪ ማብራሪያ የቴሌግራም ገፃችን⤵️
https://telegram.me/zemenexpress

💥💥...................................💥💥",2025-06-13 08:42:21+00:00,
Zemen Express®,@ZemenExpress,6945,"💥💥...................................💥💥

📌 Shock and Noise Cancelling Washing Machine Support

👍Washer and Dryer Pedestals,Anti Slip Anti Vibration Rubber Washing Machine Feet Pads
👍Washing Machine Stabilizer for Raise Height 
👍Reduce Noise 4PCS

ዋጋ፦  💲🏷  500 ብር

📍ውስን ፍሬ ነው ያለን🔥🔥🔥

🏢 አድራሻ👉

📍♦️#መገናኛ_መሰረት_ደፋር_ሞል_ሁለተኛ_ፎቅ ቢሮ ቁ. S05/S06


     💧💧💧💧


    📲 0902660722
    📲 0928460606 

🔖
💬በTelegram ለማዘዝ ⤵️ ይጠቀሙ🔽

@zemencallcenter 

@zemenexpressadmin

ለተጨማሪ ማብራሪያ የቴሌግራም ገፃችን⤵️
https://telegram.me/zemenexpress

💥💥...................................💥💥",2025-06-13 08:40:17+00:00,
Zemen Express®,@ZemenExpress,6944,,2025-06-13 07:15:02+00:00,photos\@ZemenExpress_6944.jpg
Zemen Express®,@ZemenExpress,6943,,2025-06-13 07:15:02+00:00,photos\@ZemenExpress_6943.jpg
Zemen Express®,@ZemenExpress,6942,,2025-06-13 07:15:02+00:00,photos\@ZemenExpress_6942.jpg
Zemen Express®,@ZemenExpress,6941,,2025-06-13 07:15:02+00:00,photos\@ZemenExpress_6941.jpg
Zemen Express®,@ZemenExpress,6940,,2025-06-13 07:15:02+00:00,photos\@ZemenExpress_6940.jpg
Zemen Express®,@ZemenExpress,6939,"💥💥...................................💥💥

📌 Magic Silicone Dish Washing Gloves
👍 High Quality (ወፍራሙ)

👍 ዕቃ ለማጠብ
👍ቤት ለማፅዳት
👍መኪና ለማጠብ 
👍 ለተለያየ አገልግሎት የሚውል

 ዋጋ፦  💵🏷  350ብር

♦️ውስን ፍሬ ነው ያለው 🔥🔥🔥

🏢 አድራሻ👉

📍♦️#መገናኛ_መሰረት_ደፋር_ሞል_ሁለተኛ_ፎቅ ቢሮ ቁ. S05/S06


     💧💧💧💧


    📲 0902660722
    📲 0928460606 

🔖
💬በTelegram ለማዘዝ ⤵️ ይጠቀሙ🔽

@zemencallcenter 

@zemenexpressadmin

ለተጨማሪ ማብራሪያ የቴሌግራም ገፃችን⤵️
https://telegram.me/zemenexpress

💥💥...................................💥💥",2025-06-13 07:15:02+00:00,photos\@ZemenExpress_6939.jpg
Zemen Express®,@ZemenExpress,6938,"💥💥...................................💥💥

📌 Magic Silicone Dish Washing Gloves
👍 High Quality (ወፍራሙ)

👍 ዕቃ ለማጠብ
👍ቤት ለማፅዳት
👍መኪና ለማጠብ 
👍 ለተለያየ አገልግሎት የሚውል

 ዋጋ፦  💵🏷  350ብር

♦️ውስን ፍሬ ነው ያለው 🔥🔥🔥

🏢 አድራሻ👉

📍♦️#መገናኛ_መሰረት_ደፋር_ሞል_ሁለተኛ_ፎቅ ቢሮ ቁ. S05/S06


     💧💧💧💧


    📲 0902660722
    📲 0928460606 

🔖
💬በTelegram ለማዘዝ ⤵️ ይጠቀሙ🔽

@zemencallcenter 

@zemenexpressadmin

ለተጨማሪ ማብራሪያ የቴሌግራም ገፃችን⤵️
https://telegram.me/zemenexpress

💥💥...................................💥💥",2025-06-13 07:14:39+00:00,
Zemen Express®,@ZemenExpress,6937,,2025-06-12 10:00:05+00:00,photos\@ZemenExpress_6937.jpg
Zemen Express®,@ZemenExpress,6936,"💥💥...................................💥💥

📌 13pc Portable Health Care Kit
    Designed For Newborn Babies

👍 13 pieces of baby care set, stored in a carton for easy storage & organizing

👍Simple, convenient and easy to use.
👍Made of green materials to care for the baby’s growth
👍 effectively protect baby’s health
👍💯new and high quality

     ዋጋ፦  💲🏷  1100 ብር

🔔ውስን ፍሬ ነው ያለው 🔥🔥🔥

🏢 አድራሻ👉

📍♦️#መገናኛ_መሰረት_ደፋር_ሞል_ሁለተኛ_ፎቅ ቢሮ ቁ. S05/S06


     💧💧💧💧


    📲 0902660722
    📲 0928460606 

🔖
💬በTelegram ለማዘዝ ⤵️ ይጠቀሙ🔽

@zemencallcenter 

@zemenexpressadmin

ለተጨማሪ ማብራሪያ የቴሌግራም ገፃችን⤵️
https://telegram.me/zemenexpress

💥💥...................................💥💥",2025-06-12 10:00:05+00:00,photos\@ZemenExpress_6936.jpg
Zemen Express®,@ZemenExpress,6935,,2025-06-12 04:52:52+00:00,photos\@ZemenExpress_6935.jpg
Zemen Express®,@ZemenExpress,6934,,2025-06-12 04:52:52+00:00,photos\@ZemenExpress_6934.jpg
Zemen Express®,@ZemenExpress,6933,"💥💥...................................💥💥

🎯 Three-layer Baby Milk Powder Container 
       💯 High Quality 

👍 Three Layer No-Spill Baby Feeding Milk Powder Food Dispenser. A perfect storage for travel or home use.

👍እናት ልጇን ይዛ የተለያየ ቦታ ስትንቀሳቀስ
የዱቄት ወተት የመሳሰሉትን አስፈላጊ የልጆች ምግብ ይዞ ለመንቀሳቀስ የሚረዳ 3 ፓርቲሽን ያለው አሪፍ ኮንቴነር

 ዋጋ፦  💵🏷  550ብር

♦️ውስን ፍሬ ነው ያለው 🔥🔥🔥

🏢 አድራሻ👉

📍♦️#መገናኛ_መሰረት_ደፋር_ሞል_ሁለተኛ_ፎቅ ቢሮ ቁ. S05/S06


     💧💧💧💧


    📲 0902660722
    📲 0928460606 

🔖
💬በTelegram ለማዘዝ ⤵️ ይጠቀሙ🔽

@zemencallcenter 

@zemenexpressadmin

ለተጨማሪ ማብራሪያ የቴሌግራም ገፃችን⤵️
https://telegram.me/zemenexpress

💥💥...................................💥💥",2025-06-12 04:52:52+00:00,photos\@ZemenExpress_6933.jpg
Zemen Express®,@ZemenExpress,6932,"💥💥...................................💥💥

🎯 Three-layer Baby Milk Powder Container 
       💯 High Quality 

👍 Three Layer No-Spill Baby Feeding Milk Powder Food Dispenser. A perfect storage for travel or home use.

👍እናት ልጇን ይዛ የተለያየ ቦታ ስትንቀሳቀስ
የዱቄት ወተት የመሳሰሉትን አስፈላጊ የልጆች ምግብ ይዞ ለመንቀሳቀስ የሚረዳ 3 ፓርቲሽን ያለው አሪፍ ኮንቴነር

 ዋጋ፦  💵🏷  500ብር

♦️ውስን ፍሬ ነው ያለው 🔥🔥🔥

🏢 አድራሻ👉

📍♦️#መገናኛ_መሰረት_ደፋር_ሞል_ሁለተኛ_ፎቅ ቢሮ ቁ. S05/S06


     💧💧💧💧


    📲 0902660722
    📲 0928460606 

🔖
💬በTelegram ለማዘዝ ⤵️ ይጠቀሙ🔽

@zemencallcenter 

@zemenexpressadmin

ለተጨማሪ ማብራሪያ የቴሌግራም ገፃችን⤵️
https://telegram.me/zemenexpress

💥💥...................................💥💥",2025-06-12 04:52:31+00:00,
Zemen Express®,@ZemenExpress,6931,,2025-06-11 04:56:32+00:00,photos\@ZemenExpress_6931.jpg
Zemen Express®,@ZemenExpress,6930,,2025-06-11 04:56:31+00:00,photos\@ZemenExpress_6930.jpg
Zemen Express®,@ZemenExpress,6929,"💥👀 አልቋል ለተባላችሁ በድጋሜ ገብቷል 💥💥

📌 Only baby 3in1 double bottle milk warmer,sterilizer,food steamer

⚡️ለሕፃን ወተት ማሞቂያ
⚠️ በተጨማሪ ምግብ ለመቀቀል የሚሆን 

ዋጋ፦  💲🏷 3000  ብር

♦️ውስን ፍሬ ነው ያለው🔥🔥🔥

🏢 አድራሻ👉

📍♦️#መገናኛ_መሰረት_ደፋር_ሞል_ሁለተኛ_ፎቅ ቢሮ ቁ. S05/S06


     💧💧💧💧


    📲 0902660722
    📲 0928460606 

🔖
💬በTelegram ለማዘዝ ⤵️ ይጠቀሙ🔽

@zemencallcenter 

@zemenexpressadmin

ለተጨማሪ ማብራሪያ የቴሌግራም ገፃችን⤵️
https://telegram.me/zemenexpress

💥💥...................................💥💥",2025-06-11 04:56:31+00:00,photos\@ZemenExpress_6929.jpg
Zemen Express®,@ZemenExpress,6925,,2025-06-11 04:54:56+00:00,photos\@ZemenExpress_6925.jpg
Zemen Express®,@ZemenExpress,6924,,2025-06-11 04:54:56+00:00,photos\@ZemenExpress_6924.jpg
Zemen Express®,@ZemenExpress,6923,"💥👀 አልቋል ለተባላችሁ በድጋሜ ገብቷል 💥💥

📌 Only baby 3in1 double bottle milk warmer,sterilizer,food steamer

⚡️ለሕፃን ወተት ማሞቂያ
⚠️ በተጨማሪ ምግብ ለመቀቀል የሚሆን 

ዋጋ፦  💲🏷 3000  ብር

♦️ውስን ፍሬ ነው ያለው🔥🔥🔥

🏢 አድራሻ👉

📍♦️#መገናኛ_መሰረት_ደፋር_ሞል_ሁለተኛ_ፎቅ ቢሮ ቁ. S05/S06


     💧💧💧💧


    📲 0902660722
    📲 0928460606 

🔖
💬በTelegram ለማዘዝ ⤵️ ይጠቀሙ🔽

@zemencallcenter 

@zemenexpressadmin

ለተጨማሪ ማብራሪያ የቴሌግራም ገፃችን⤵️
https://telegram.me/zemenexpress

💥💥...................................💥💥",2025-06-11 04:54:56+00:00,photos\@ZemenExpress_6923.jpg
Zemen Express®,@ZemenExpress,6922,,2025-06-10 09:31:58+00:00,photos\@ZemenExpress_6922.jpg
Zemen Express®,@ZemenExpress,6921,,2025-06-10 09:31:58+00:00,photos\@ZemenExpress_6921.jpg
Zemen Express®,@ZemenExpress,6920,,2025-06-10 09:31:58+00:00,photos\@ZemenExpress_6920.jpg
Zemen Express®,@ZemenExpress,6919,,2025-06-10 09:31:58+00:00,photos\@ZemenExpress_6919.jpg
Zemen Express®,@ZemenExpress,6918,,2025-06-10 09:31:58+00:00,photos\@ZemenExpress_6918.jpg
Zemen Express®,@ZemenExpress,6917,"💥💥...................................💥💥

📌 Mini Pocket UV Umbrella

👍 የቀለም አማራጭ አላቸው

☔በጣም ቀላል፣ ለመያዝ ምቹ ጥላ ☔️
☔በትንሽ የእጅ ቦርሳ ወይም በኪስ መያዝ የሚችል☔

#Specifications: 
👍Compact & Light-Weight
👍Unique Design
👍UV protection

 ዋጋ፦  💵🏷  1000ብር

♦️ውስን ፍሬ ነው ያለው 🔥🔥🔥

🏢 አድራሻ👉

📍♦️#መገናኛ_መሰረት_ደፋር_ሞል_ሁለተኛ_ፎቅ ቢሮ ቁ. S05/S06


     💧💧💧💧


    📲 0902660722
    📲 0928460606 

🔖
💬በTelegram ለማዘዝ ⤵️ ይጠቀሙ🔽

@zemencallcenter 

@zemenexpressadmin

ለተጨማሪ ማብራሪያ የቴሌግራም ገፃችን⤵️
https://telegram.me/zemenexpress

💥💥...................................💥💥",2025-06-10 09:31:58+00:00,photos\@ZemenExpress_6917.jpg
Zemen Express®,@ZemenExpress,6916,"💥💥...................................💥💥

📌 Mini Pocket UV Umbrella

👍 የቀለም አማራጭ አላቸው

☔በጣም ቀላል፣ ለመያዝ ምቹ ጥላ ☔️
☔በትንሽ የእጅ ቦርሳ ወይም በኪስ መያዝ የሚችል☔

#Specifications: 
👍Compact & Light-Weight
👍Unique Design
👍UV protection

 ዋጋ፦  💵🏷  1000ብር

♦️ውስን ፍሬ ነው ያለው 🔥🔥🔥

🏢 አድራሻ👉

📍♦️#መገናኛ_መሰረት_ደፋር_ሞል_ሁለተኛ_ፎቅ ቢሮ ቁ. S05/S06


     💧💧💧💧


    📲 0902660722
    📲 0928460606 

🔖
💬በTelegram ለማዘዝ ⤵️ ይጠቀሙ🔽

@zemencallcenter 

@zemenexpressadmin

ለተጨማሪ ማብራሪያ የቴሌግራም ገፃችን⤵️
https://telegram.me/zemenexpress

💥💥...................................💥💥",2025-06-10 09:31:36+00:00,
Zemen Express®,@ZemenExpress,6915,,2025-06-09 12:49:32+00:00,photos\@ZemenExpress_6915.jpg
Zemen Express®,@ZemenExpress,6914,,2025-06-09 12:49:32+00:00,photos\@ZemenExpress_6914.jpg
Zemen Express®,@ZemenExpress,6913,,2025-06-09 12:49:32+00:00,photos\@ZemenExpress_6913.jpg
Zemen Express®,@ZemenExpress,6912,"💥💥...................................💥💥

📌Waterproof  Baby Urine Mat Cover

✔️ውሃ የማያስገባ እንደገና ሊታጠብ የሚችል የሕፃን የሽንት ምንጣፍ።
✔️ በተጨማሪም ዳይፐር ለመቀየር የሚያገለግል

✔️Reusable 
✔️Washable

⚠️Size: 1m×80cm

ዋጋ፦ 💵🏷 650ብር✅

♦️ውስን ፍሬ ነው ያለው 🔥🔥🔥

🏢 አድራሻ👉

📍♦️#መገናኛ_መሰረት_ደፋር_ሞል_ሁለተኛ_ፎቅ ቢሮ ቁ. S05/S06


     💧💧💧💧


    📲 0902660722
    📲 0928460606 

🔖
💬በTelegram ለማዘዝ ⤵️ ይጠቀሙ🔽

@zemencallcenter 

@zemenexpressadmin

ለተጨማሪ ማብራሪያ የቴሌግራም ገፃችን⤵️
https://telegram.me/zemenexpress

💥💥...................................💥💥",2025-06-09 12:49:32+00:00,photos\@ZemenExpress_6912.jpg
Zemen Express®,@ZemenExpress,6911,,2025-06-09 07:44:27+00:00,photos\@ZemenExpress_6911.jpg
Zemen Express®,@ZemenExpress,6910,,2025-06-09 07:44:27+00:00,photos\@ZemenExpress_6910.jpg
Zemen Express®,@ZemenExpress,6909,,2025-06-09 07:44:27+00:00,photos\@ZemenExpress_6909.jpg
Zemen Express®,@ZemenExpress,6908,"💥💥...................................💥💥

📌Space triangles for hangers
  👍 12pcs

 ዋጋ፦  💵🏷  400ብር

♦️ውስን ፍሬ ነው ያለው 🔥🔥🔥

🏢 አድራሻ👉

📍♦️#መገናኛ_መሰረት_ደፋር_ሞል_ሁለተኛ_ፎቅ ቢሮ ቁ. S05/S06


     💧💧💧💧


    📲 0902660722
    📲 0928460606 

🔖
💬በTelegram ለማዘዝ ⤵️ ይጠቀሙ🔽

@zemencallcenter 

@zemenexpressadmin

ለተጨማሪ ማብራሪያ የቴሌግራም ገፃችን⤵️
https://telegram.me/zemenexpress

💥💥...................................💥💥",2025-06-09 07:44:27+00:00,photos\@ZemenExpress_6908.jpg
Zemen Express®,@ZemenExpress,6907,"💥💥...................................💥💥

📌Space triangles for hangers
  👍 12pcs

 ዋጋ፦  💵🏷  400ብር

♦️ውስን ፍሬ ነው ያለው 🔥🔥🔥

🏢 አድራሻ👉

📍♦️#መገናኛ_መሰረት_ደፋር_ሞል_ሁለተኛ_ፎቅ ቢሮ ቁ. S05/S06


     💧💧💧💧


    📲 0902660722
    📲 0928460606 

🔖
💬በTelegram ለማዘዝ ⤵️ ይጠቀሙ🔽

@zemencallcenter 

@zemenexpressadmin

ለተጨማሪ ማብራሪያ የቴሌግራም ገፃችን⤵️
https://telegram.me/zemenexpress

💥💥...................................💥💥",2025-06-09 07:44:16+00:00,
Zemen Express®,@ZemenExpress,6906,"💥💥...................................💥💥

📌Door Bottom Seal Strip Stopper
👍በበርዎ ስር አቧራ እና ነፍሳት እንዳይገባ 
    የሚከላከል!!!
💯 High Quality 
®️ አንደኛው ወፍራሙ 

🔰Keep Hot and Cold Air isolated 
🔰 Reduce The Noise Outside and Door slamming 
🔰 No 🦟 🪰 🐀 🪳🕷️🐛🦗
   

 ዋጋ፦  💵🏷  400ብር

♦️ውስን ፍሬ ነው ያለው 🔥🔥🔥

🏢 አድራሻ👉

📍♦️#መገናኛ_መሰረት_ደፋር_ሞል_ሁለተኛ_ፎቅ ቢሮ ቁ. S05/S06


     💧💧💧💧


    📲 0902660722
    📲 0928460606 

🔖
💬በTelegram ለማዘዝ ⤵️ ይጠቀሙ🔽

@zemencallcenter 

@zemenexpressadmin

ለተጨማሪ ማብራሪያ የቴሌግራም ገፃችን⤵️
https://telegram.me/zemenexpress

💥💥...................................💥💥",2025-06-09 07:31:16+00:00,photos\@ZemenExpress_6906.jpg
Zemen Express®,@ZemenExpress,6905,"💥💥...................................💥💥

📌Door Bottom Seal Strip Stopper
👍በበርዎ ስር አቧራ እና ነፍሳት እንዳይገባ 
    የሚከላከል!!!
💯 High Quality 
®️ አንደኛው ወፍራሙ 

🔰Keep Hot and Cold Air isolated 
🔰 Reduce The Noise Outside and Door slamming 
🔰 No 🦟 🪰 🐀 🪳🕷️🐛🦗
   

 ዋጋ፦  💵🏷  400ብር

♦️ውስን ፍሬ ነው ያለው 🔥🔥🔥

🏢 አድራሻ👉

📍♦️#መገናኛ_መሰረት_ደፋር_ሞል_ሁለተኛ_ፎቅ ቢሮ ቁ. S05/S06


     💧💧💧💧


    📲 0902660722
    📲 0928460606 

🔖
💬በTelegram ለማዘዝ ⤵️ ይጠቀሙ🔽

@zemencallcenter 

@zemenexpressadmin

ለተጨማሪ ማብራሪያ የቴሌግራም ገፃችን⤵️
https://telegram.me/zemenexpress

💥💥...................................💥💥",2025-06-09 07:31:08+00:00,
Zemen Express®,@ZemenExpress,6904,,2025-06-06 12:01:25+00:00,photos\@ZemenExpress_6904.jpg
Zemen Express®,@ZemenExpress,6903,,2025-06-06 12:01:25+00:00,photos\@ZemenExpress_6903.jpg
Zemen Express®,@ZemenExpress,6902,,2025-06-06 12:01:25+00:00,photos\@ZemenExpress_6902.jpg
Zemen Express®,@ZemenExpress,6901,,2025-06-06 12:01:25+00:00,photos\@ZemenExpress_6901.jpg
Zemen Express®,@ZemenExpress,6900,"💥💥...................................💥💥

📌One Fire Table Lamp

👍በተች የሚሰራ 
👍ቻርጅ የሚደረግ 
👍ለመኝታ ቤት ፣ ለሳሎን ፣ ለ ሆቴሎች እንዲሁም ለባዝ ሩም

ዋጋ፦  💲🏷  1900ብር

♦️ውስን ፍሬ ነው ያለው 🔥🔥🔥

🏢 አድራሻ👉

📍♦️#መገናኛ_መሰረት_ደፋር_ሞል_ሁለተኛ_ፎቅ ቢሮ ቁ. S05/S06


     💧💧💧💧


    📲 0902660722
    📲 0928460606 

🔖
💬በTelegram ለማዘዝ ⤵️ ይጠቀሙ🔽

@zemencallcenter 

@zemenexpressadmin

ለተጨማሪ ማብራሪያ የቴሌግራም ገፃችን⤵️
https://telegram.me/zemenexpress

💥💥...................................💥💥",2025-06-06 12:01:25+00:00,photos\@ZemenExpress_6900.jpg
Zemen Express®,@ZemenExpress,6899,"💥💥...................................💥💥

📌One Fire Table Lamp

👍በተች የሚሰራ 
👍ቻርጅ የሚደረግ 
👍ለመኝታ ቤት ፣ ለሳሎን ፣ ለ ሆቴሎች እንዲሁም ለባዝ ሩም

ዋጋ፦  💲🏷  1900ብር

♦️ውስን ፍሬ ነው ያለው 🔥🔥🔥

🏢 አድራሻ👉

📍♦️#መገናኛ_መሰረት_ደፋር_ሞል_ሁለተኛ_ፎቅ ቢሮ ቁ. S05/S06


     💧💧💧💧


    📲 0902660722
    📲 0928460606 

🔖
💬በTelegram ለማዘዝ ⤵️ ይጠቀሙ🔽

@zemencallcenter 

@zemenexpressadmin

ለተጨማሪ ማብራሪያ የቴሌግራም ገፃችን⤵️
https://telegram.me/zemenexpress

💥💥...................................💥💥",2025-06-06 12:01:04+00:00,
Zemen Express®,@ZemenExpress,6898,,2025-06-06 08:24:08+00:00,photos\@ZemenExpress_6898.jpg
Zemen Express®,@ZemenExpress,6897,"💥💥...................................💥💥

📌Vaccuum flask set

👍የፔርሙዝ ማግ
👍3 መጠጫ ኩባያዎች ያሉት
👍ለ 12 ሰአታት የሞቀዉን አሙቆ የቀዘቀዘዉን አቀዝቅዞ ሚያስቀምጥ
👍ድንገት ቢወድቅ እንኳን ከማይሰበር ማቴሪያል የተሰራ
👍500ሚሊ ሊትር የመያዝ አቅም ያለዉ
👍በተለያየ የከለር አማራጭ የቀረበ
👍ለስጦታ የሚሆን የራሱ ማሸጊያና መያዣ ያለዉ

ዋጋ፦  💵🏷  1200 ብር

♦️ውስን ፍሬ ነው ያለው 😀😀😀

🏢 አድራሻ👉

📍♦️#መገናኛ_መሰረት_ደፋር_ሞል_ሁለተኛ_ፎቅ ቢሮ ቁ. S05/S06


     💧💧💧💧


    📲 0902660722
    📲 0928460606 

🔖
💬በTelegram ለማዘዝ ⤵️ ይጠቀሙ🔽

@zemencallcenter 

@zemenexpressadmin

ለተጨማሪ ማብራሪያ የቴሌግራም ገፃችን⤵️
https://telegram.me/zemenexpress

💥💥...................................💥💥",2025-06-06 08:24:08+00:00,photos\@ZemenExpress_6897.jpg
Zemen Express®,@ZemenExpress,6896,"📌ለመላው የእስልምና እምነት ተከታዮች 
በሙሉ እንኳን ለኢድ አል አድሀ(ዓረፋ) 
በዓል በሰላም አደረሳችሁ

⚠️ ዛሬ ሱቃችን ሙሉ ቀን ክፍት ነው

🏢 አድራሻ👉

📍♦️#መገናኛ_መሰረት_ደፋር_ሞል_ሁለተኛ_ፎቅ ቢሮ ቁ. S05/S06


     💧💧💧💧


    📲 0902660722
    📲 0928460606 

🔖
💬በTelegram ለማዘዝ ⤵️ ይጠቀሙ🔽

@zemencallcenter 

@zemenexpressadmin

ለተጨማሪ ማብራሪያ የቴሌግራም ገፃችን⤵️
https://telegram.me/zemenexpress

💥💥...................................💥💥",2025-06-06 05:19:13+00:00,photos\@ZemenExpress_6896.jpg
